{
    "name": "root",
    "gauges": {
        "Worm.Policy.Entropy.mean": {
            "value": 0.13938739895820618,
            "min": -0.008441166020929813,
            "max": 0.7690367698669434,
            "count": 77
        },
        "Worm.Policy.Entropy.sum": {
            "value": 19.514236450195312,
            "min": -709.8176879882812,
            "max": 91541.5703125,
            "count": 77
        },
        "Worm.Environment.EpisodeLength.mean": {
            "value": 999.0,
            "min": 999.0,
            "max": 999.0,
            "count": 77
        },
        "Worm.Environment.EpisodeLength.sum": {
            "value": 19980.0,
            "min": 9990.0,
            "max": 49950.0,
            "count": 77
        },
        "Worm.Step.mean": {
            "value": 7679000.0,
            "min": 6214000.0,
            "max": 7679000.0,
            "count": 294
        },
        "Worm.Step.sum": {
            "value": 7679000.0,
            "min": 6214000.0,
            "max": 7679000.0,
            "count": 294
        },
        "Worm.Policy.ExtrinsicValue.mean": {
            "value": 235.25717163085938,
            "min": 217.2687530517578,
            "max": 239.8837890625,
            "count": 294
        },
        "Worm.Policy.ExtrinsicValue.sum": {
            "value": 1176.285888671875,
            "min": 914.373779296875,
            "max": 1199.4189453125,
            "count": 294
        },
        "Worm.Environment.CumulativeReward.mean": {
            "value": 1236.7075439453124,
            "min": 417.8898071289062,
            "max": 1344.7384765625,
            "count": 294
        },
        "Worm.Environment.CumulativeReward.sum": {
            "value": 6183.5377197265625,
            "min": 2089.4490356445312,
            "max": 6723.6923828125,
            "count": 294
        },
        "Worm.Policy.ExtrinsicReward.mean": {
            "value": 1236.7075439453124,
            "min": 417.8898071289062,
            "max": 1344.7384765625,
            "count": 294
        },
        "Worm.Policy.ExtrinsicReward.sum": {
            "value": 6183.5377197265625,
            "min": 2089.4490356445312,
            "max": 6723.6923828125,
            "count": 294
        },
        "Worm.IsTraining.mean": {
            "value": 1.0,
            "min": 1.0,
            "max": 1.0,
            "count": 294
        },
        "Worm.IsTraining.sum": {
            "value": 1.0,
            "min": 1.0,
            "max": 1.0,
            "count": 294
        },
        "Worm.Losses.PolicyLoss.mean": {
            "value": -235.60600749382556,
            "min": -235.75819339077142,
            "max": -225.6553682997926,
            "count": 76
        },
        "Worm.Losses.PolicyLoss.sum": {
            "value": -471212.01498765114,
            "min": -588176.8321265478,
            "max": -112827.6841498963,
            "count": 76
        },
        "Worm.Losses.ValueLoss.mean": {
            "value": 0.16921564392019325,
            "min": 0.1434810623999531,
            "max": 1.146229516871164,
            "count": 76
        },
        "Worm.Losses.ValueLoss.sum": {
            "value": 338.4312878403865,
            "min": 71.74053119997654,
            "max": 2865.57379217791,
            "count": 76
        },
        "Worm.Losses.Q1Loss.mean": {
            "value": 0.6969586449625588,
            "min": 0.5454170606201574,
            "max": 0.7891155527705075,
            "count": 76
        },
        "Worm.Losses.Q1Loss.sum": {
            "value": 1393.9172899251175,
            "min": 272.7085303100787,
            "max": 1953.159557103122,
            "count": 76
        },
        "Worm.Losses.Q2Loss.mean": {
            "value": 0.7134953390905946,
            "min": 0.5668155526956381,
            "max": 0.8134946666548775,
            "count": 76
        },
        "Worm.Losses.Q2Loss.sum": {
            "value": 1426.9906781811892,
            "min": 283.40777634781904,
            "max": 1949.6567516839248,
            "count": 76
        },
        "Worm.Policy.ContinuousEntropyCoeff.mean": {
            "value": 0.02265848539576487,
            "min": 0.01809303887229355,
            "max": 0.6758871388535524,
            "count": 76
        },
        "Worm.Policy.ContinuousEntropyCoeff.sum": {
            "value": 45.31697079152974,
            "min": 9.046519436146774,
            "max": 1689.7178471338812,
            "count": 76
        },
        "Worm.Policy.LearningRate.mean": {
            "value": 0.0002999999999999999,
            "min": 0.0002999999999999999,
            "max": 0.0003,
            "count": 76
        },
        "Worm.Policy.LearningRate.sum": {
            "value": 0.5999999999999999,
            "min": 0.15,
            "max": 0.7499999999999999,
            "count": 76
        }
    },
    "metadata": {
        "timer_format_version": "0.1.0",
        "start_time_seconds": "1691922066",
        "python_version": "3.9.17 (main, Jul  5 2023, 20:47:11) [MSC v.1916 64 bit (AMD64)]",
        "command_line_arguments": "C:\\Users\\Chloe\\anaconda3\\envs\\EmbodiedIntelligence1\\Scripts\\mlagents-learn ml-agents-develop/config/sac/Worm.yaml --run-id=EEL_4_SAC --resume --torch-device=cuda --env=ml-agents-develop/Project/Builds/EEL_4/UnityEnvironment.exe --num-envs=16 --no-graphics",
        "mlagents_version": "0.30.0",
        "mlagents_envs_version": "0.30.0",
        "communication_protocol_version": "1.5.0",
        "pytorch_version": "1.7.1+cu110",
        "numpy_version": "1.21.2",
        "end_time_seconds": "1691925478"
    },
    "total": 3412.0476502,
    "count": 1,
    "self": 0.6198372000003474,
    "children": {
        "run_training.setup": {
            "total": 1.1006365,
            "count": 1,
            "self": 1.1006365
        },
        "TrainerController.start_learning": {
            "total": 3410.3271765,
            "count": 1,
            "self": 0.5180029999924045,
            "children": {
                "TrainerController._reset_env": {
                    "total": 8.4515681,
                    "count": 1,
                    "self": 8.4515681
                },
                "TrainerController.advance": {
                    "total": 3401.0426277000074,
                    "count": 11002,
                    "self": 0.2542454999761503,
                    "children": {
                        "env_step": {
                            "total": 491.77244030001765,
                            "count": 11002,
                            "self": 102.07123100005128,
                            "children": {
                                "SubprocessEnvManager._take_step": {
                                    "total": 388.52320999997517,
                                    "count": 154505,
                                    "self": 10.617032499913307,
                                    "children": {
                                        "TorchPolicy.evaluate": {
                                            "total": 377.90617750006186,
                                            "count": 154505,
                                            "self": 377.90617750006186
                                        }
                                    }
                                },
                                "workers": {
                                    "total": 1.1779992999911872,
                                    "count": 11002,
                                    "self": 0.0,
                                    "children": {
                                        "worker_root": {
                                            "total": 53686.26987770047,
                                            "count": 154503,
                                            "is_parallel": true,
                                            "self": 52950.298301900475,