{
    "name": "root",
    "gauges": {
        "Worm.Policy.Entropy.mean": {
            "value": 1.2792729139328003,
            "min": 1.2792729139328003,
            "max": 1.3024030923843384,
            "count": 8
        },
        "Worm.Policy.Entropy.sum": {
            "value": 38378.1875,
            "min": 12878.455078125,
            "max": 39072.09375,
            "count": 8
        },
        "Worm.Environment.EpisodeLength.mean": {
            "value": 999.0,
            "min": 999.0,
            "max": 999.0,
            "count": 8
        },
        "Worm.Environment.EpisodeLength.sum": {
            "value": 29970.0,
            "min": 9990.0,
            "max": 29970.0,
            "count": 8
        },
        "Worm.Step.mean": {
            "value": 569000.0,
            "min": 359000.0,
            "max": 569000.0,
            "count": 8
        },
        "Worm.Step.sum": {
            "value": 569000.0,
            "min": 359000.0,
            "max": 569000.0,
            "count": 8
        },
        "Worm.Policy.ExtrinsicValue.mean": {
            "value": 137.23440551757812,
            "min": 81.36994934082031,
            "max": 141.15158081054688,
            "count": 8
        },
        "Worm.Policy.ExtrinsicValue.sum": {
            "value": 4117.0322265625,
            "min": 732.3295288085938,
            "max": 4234.54736328125,
            "count": 8
        },
        "Worm.Environment.CumulativeReward.mean": {
            "value": 2.2196560258356235,
            "min": 1.4817062218983967,
            "max": 2.48034325328966,
            "count": 8
        },
        "Worm.Environment.CumulativeReward.sum": {
            "value": 66.5896807750687,
            "min": 13.335355997085571,
            "max": 74.4102975986898,
            "count": 8
        },
        "Worm.Policy.ExtrinsicReward.mean": {
            "value": 2.2196560258356235,
            "min": 1.4817062218983967,
            "max": 2.48034325328966,
            "count": 8
        },
        "Worm.Policy.ExtrinsicReward.sum": {
            "value": 66.5896807750687,
            "min": 13.335355997085571,
            "max": 74.4102975986898,
            "count": 8
        },
        "Worm.IsTraining.mean": {
            "value": 1.0,
            "min": 1.0,
            "max": 1.0,
            "count": 8
        },
        "Worm.IsTraining.sum": {
            "value": 1.0,
            "min": 1.0,
            "max": 1.0,
            "count": 8
        },
        "Worm.Losses.PolicyLoss.mean": {
            "value": -137.96155290507266,
            "min": -141.215620608909,
            "max": -95.7676457139969,
            "count": 7
        },
        "Worm.Losses.PolicyLoss.sum": {
            "value": -206942.32935760898,
            "min": -211823.43091336353,
            "max": -143651.46857099535,
            "count": 7
        },
        "Worm.Losses.ValueLoss.mean": {
            "value": 0.014788100397272231,
            "min": 0.014788100397272231,
            "max": 0.07908400918400973,
            "count": 7
        },
        "Worm.Losses.ValueLoss.sum": {
            "value": 22.182150595908347,
            "min": 22.182150595908347,
            "max": 118.6260137760146,
            "count": 7
        },
        "Worm.Losses.Q1Loss.mean": {
            "value": 0.00581447238583518,
            "min": 0.00581447238583518,
            "max": 0.011193564843113638,
            "count": 7
        },
        "Worm.Losses.Q1Loss.sum": {
            "value": 8.72170857875277,
            "min": 8.72170857875277,
            "max": 16.790347264670455,
            "count": 7
        },
        "Worm.Losses.Q2Loss.mean": {
            "value": 0.005370456192773055,
            "min": 0.005370456192773055,
            "max": 0.011452813807967421,
            "count": 7
        },
        "Worm.Losses.Q2Loss.sum": {
            "value": 8.055684289159583,
            "min": 8.055684289159583,
            "max": 17.17922071195113,
            "count": 7
        },
        "Worm.Policy.ContinuousEntropyCoeff.mean": {
            "value": 0.055446228560308536,
            "min": 0.055446228560308536,
            "max": 0.8315027578258725,
            "count": 7
        },
        "Worm.Policy.ContinuousEntropyCoeff.sum": {
            "value": 83.1693428404628,
            "min": 83.1693428404628,
            "max": 1247.2541367388087,
            "count": 7
        },
        "Worm.Policy.LearningRate.mean": {
            "value": 0.0002999999999999999,
            "min": 0.0002999999999999999,
            "max": 0.0002999999999999999,
            "count": 7
        },
        "Worm.Policy.LearningRate.sum": {
            "value": 0.4499999999999999,
            "min": 0.4499999999999999,
            "max": 0.4499999999999999,
            "count": 7
        }
    },
    "metadata": {
        "timer_format_version": "0.1.0",
        "start_time_seconds": "1691840135",
        "python_version": "3.9.13 (tags/v3.9.13:6de2ca5, May 17 2022, 16:36:42) [MSC v.1929 64 bit (AMD64)]",
        "command_line_arguments": "C:\\Users\\marni\\PycharmProjects\\EmbodiedIntelligence_NASA\\venv\\Scripts\\mlagents-learn ml-agents-develop/config/sac/Worm.yaml --run-id=EEL_4_SAC --force --torch-device=cuda --resume --no-graphics",
        "mlagents_version": "0.30.0",
        "mlagents_envs_version": "0.30.0",
        "communication_protocol_version": "1.5.0",
        "pytorch_version": "1.7.1+cu110",
        "numpy_version": "1.21.2",
        "end_time_seconds": "1691840965"
    },
    "total": 830.0101010999999,
    "count": 1,
    "self": 0.005755999999905725,
    "children": {
        "run_training.setup": {
            "total": 0.10350070000000011,
            "count": 1,
            "self": 0.10350070000000011
        },
        "TrainerController.start_learning": {
            "total": 829.9008444,
            "count": 1,
            "self": 0.4753825999946457,
            "children": {
                "TrainerController._reset_env": {
                    "total": 7.724280800000001,
                    "count": 1,
                    "self": 7.724280800000001
                },
                "TrainerController.advance": {
                    "total": 821.4378769000053,
                    "count": 24000,
                    "self": 0.47177510000278744,
                    "children": {
                        "env_step": {
                            "total": 302.67945999999813,
                            "count": 24000,
                            "self": 200.33245920000314,
                            "children": {
                                "SubprocessEnvManager._take_step": {
                                    "total": 102.02554409999792,
                                    "count": 24000,
                                    "self": 1.9169048999954725,
                                    "children": {
                                        "TorchPolicy.evaluate": {
                                            "total": 100.10863920000244,
                                            "count": 24000,
                                            "self": 100.10863920000244
                                        }
                                    }
                                },
                                "workers": {
                                    "total": 0.32145669999706605,
                                    "count": 24000,
                                    "self": 0.0,
                                    "children": {
                                        "worker_root": {
                                            "total": 817.9370172999967,
                                            "count": 24000,
                                            "is_parallel": true,
                                            "self": 648.8185923000008,