{
    "name": "root",
    "gauges": {
        "Worm.Policy.Entropy.mean": {
            "value": 1.0909268856048584,
            "min": 0.745807409286499,
            "max": 1.1493480205535889,
            "count": 6
        },
        "Worm.Policy.Entropy.sum": {
            "value": 32727.806640625,
            "min": 22374.22265625,
            "max": 34480.44140625,
            "count": 6
        },
        "Worm.Environment.EpisodeLength.mean": {
            "value": 999.0,
            "min": 999.0,
            "max": 999.0,
            "count": 6
        },
        "Worm.Environment.EpisodeLength.sum": {
            "value": 29970.0,
            "min": 29970.0,
            "max": 29970.0,
            "count": 6
        },
        "Worm.Step.mean": {
            "value": 4469000.0,
            "min": 4319000.0,
            "max": 4469000.0,
            "count": 6
        },
        "Worm.Step.sum": {
            "value": 4469000.0,
            "min": 4319000.0,
            "max": 4469000.0,
            "count": 6
        },
        "Worm.Policy.ExtrinsicValue.mean": {
            "value": 259.0301513671875,
            "min": 202.21238708496094,
            "max": 259.59326171875,
            "count": 6
        },
        "Worm.Policy.ExtrinsicValue.sum": {
            "value": 7770.90478515625,
            "min": 5864.1591796875,
            "max": 7787.7978515625,
            "count": 6
        },
        "Worm.Environment.CumulativeReward.mean": {
            "value": 18.078556234575807,
            "min": 7.765867726008097,
            "max": 209.81807047385593,
            "count": 6
        },
        "Worm.Environment.CumulativeReward.sum": {
            "value": 542.3566870372742,
            "min": 232.97603178024292,
            "max": 6084.724043741822,
            "count": 6
        },
        "Worm.Policy.ExtrinsicReward.mean": {
            "value": 18.078556234575807,
            "min": 7.765867726008097,
            "max": 209.81807047385593,
            "count": 6
        },
        "Worm.Policy.ExtrinsicReward.sum": {
            "value": 542.3566870372742,
            "min": 232.97603178024292,
            "max": 6084.724043741822,
            "count": 6
        },
        "Worm.Losses.PolicyLoss.mean": {
            "value": -234.71637579112664,
            "min": -235.2892525536463,
            "max": -192.89021368391306,
            "count": 6
        },
        "Worm.Losses.PolicyLoss.sum": {
            "value": -352074.56368668994,
            "min": -352933.87883046945,
            "max": -192890.21368391305,
            "count": 6
        },
        "Worm.Losses.ValueLoss.mean": {
            "value": 0.10668766188199924,
            "min": 0.10668766188199924,
            "max": 6.588585173285568,
            "count": 6
        },
        "Worm.Losses.ValueLoss.sum": {
            "value": 160.03149282299887,
            "min": 160.03149282299887,
            "max": 6588.585173285568,
            "count": 6
        },
        "Worm.Losses.Q1Loss.mean": {
            "value": 0.0782508264888482,
            "min": 0.0782508264888482,
            "max": 2.3214012795029904,
            "count": 6
        },
        "Worm.Losses.Q1Loss.sum": {
            "value": 117.3762397332723,
            "min": 117.3762397332723,
            "max": 2321.4012795029903,
            "count": 6
        },
        "Worm.Losses.Q2Loss.mean": {
            "value": 0.07550282271184246,
            "min": 0.07550282271184246,
            "max": 1.9066994973789357,
            "count": 6
        },
        "Worm.Losses.Q2Loss.sum": {
            "value": 113.25423406776369,
            "min": 113.25423406776369,
            "max": 1906.6994973789358,
            "count": 6
        },
        "Worm.Policy.ContinuousEntropyCoeff.mean": {
            "value": 0.07085420657973782,
            "min": 0.07085420657973782,
            "max": 0.7545350747119233,
            "count": 6
        },
        "Worm.Policy.ContinuousEntropyCoeff.sum": {
            "value": 106.28130986960673,
            "min": 106.28130986960673,
            "max": 754.5350747119232,
            "count": 6
        },
        "Worm.Policy.LearningRate.mean": {
            "value": 0.0002999999999999999,
            "min": 0.0002999999999999999,
            "max": 0.0002999999999999999,
            "count": 6
        },
        "Worm.Policy.LearningRate.sum": {
            "value": 0.4499999999999999,
            "min": 0.29999999999999993,
            "max": 0.4499999999999999,
            "count": 6
        },
        "Worm.IsTraining.mean": {
            "value": 1.0,
            "min": 1.0,
            "max": 1.0,
            "count": 6
        },
        "Worm.IsTraining.sum": {
            "value": 1.0,
            "min": 1.0,
            "max": 1.0,
            "count": 6
        }
    },
    "metadata": {
        "timer_format_version": "0.1.0",
        "start_time_seconds": "1691788716",
        "python_version": "3.9.13 (tags/v3.9.13:6de2ca5, May 17 2022, 16:36:42) [MSC v.1929 64 bit (AMD64)]",
        "command_line_arguments": "C:\\Users\\marni\\PycharmProjects\\EmbodiedIntelligence_NASA\\venv\\Scripts\\mlagents-learn ml-agents-develop/config/sac/Worm.yaml --run-id=WormSAC --force --torch-device=cuda --no-graphics --resume --train",
        "mlagents_version": "0.30.0",
        "mlagents_envs_version": "0.30.0",
        "communication_protocol_version": "1.5.0",
        "pytorch_version": "1.7.1+cu110",
        "numpy_version": "1.21.2",
        "end_time_seconds": "1691789432"
    },
    "total": 715.7491384,
    "count": 1,
    "self": 0.010718399999973371,
    "children": {
        "run_training.setup": {
            "total": 0.12701300000000026,
            "count": 1,
            "self": 0.12701300000000026
        },
        "TrainerController.start_learning": {
            "total": 715.611407,
            "count": 1,
            "self": 0.3870151999983591,
            "children": {
                "TrainerController._reset_env": {
                    "total": 14.2287777,
                    "count": 1,
                    "self": 14.2287777
                },
                "TrainerController.advance": {
                    "total": 700.5881624000016,
                    "count": 20000,
                    "self": 0.3748881999973719,
                    "children": {
                        "env_step": {
                            "total": 293.66313600000564,
                            "count": 20000,
                            "self": 216.25168070000493,
                            "children": {
                                "SubprocessEnvManager._take_step": {
                                    "total": 77.14490079999737,
                                    "count": 20000,
                                    "self": 1.4627110999889226,
                                    "children": {
                                        "TorchPolicy.evaluate": {
                                            "total": 75.68218970000845,
                                            "count": 20000,
                                            "self": 75.68218970000845
                                        }
                                    }
                                },
                                "workers": {
                                    "total": 0.2665545000033376,
                                    "count": 20000,
                                    "self": 0.0,
                                    "children": {
                                        "worker_root": {
                                            "total": 702.5043293000064,
                                            "count": 20000,
                                            "is_parallel": true,
                                            "self": 511.5476410000115,