{
    "name": "root",
    "gauges": {
        "Worm.Policy.Entropy.mean": {
            "value": 1.201198935508728,
            "min": -0.05628721043467522,
            "max": 1.201198935508728,
            "count": 2
        },
        "Worm.Policy.Entropy.sum": {
            "value": 132.1318817138672,
            "min": -1665.53857421875,
            "max": 132.1318817138672,
            "count": 2
        },
        "Worm.Environment.EpisodeLength.mean": {
            "value": 999.0,
            "min": 999.0,
            "max": 999.0,
            "count": 2
        },
        "Worm.Environment.EpisodeLength.sum": {
            "value": 9990.0,
            "min": 9990.0,
            "max": 9990.0,
            "count": 2
        },
        "Worm.Step.mean": {
            "value": 1289000.0,
            "min": 1274000.0,
            "max": 1289000.0,
            "count": 4
        },
        "Worm.Step.sum": {
            "value": 1289000.0,
            "min": 1274000.0,
            "max": 1289000.0,
            "count": 4
        },
        "Worm.Policy.ExtrinsicValue.mean": {
            "value": 132.2801971435547,
            "min": 77.84989929199219,
            "max": 132.2801971435547,
            "count": 4
        },
        "Worm.Policy.ExtrinsicValue.sum": {
            "value": 661.4010009765625,
            "min": 311.39959716796875,
            "max": 661.4010009765625,
            "count": 4
        },
        "Worm.Environment.CumulativeReward.mean": {
            "value": 6.26928020210471e-05,
            "min": 0.0,
            "max": 6.26928020210471e-05,
            "count": 4
        },
        "Worm.Environment.CumulativeReward.sum": {
            "value": 0.0003134640101052355,
            "min": 0.0,
            "max": 0.0003134640101052355,
            "count": 4
        },
        "Worm.Policy.ExtrinsicReward.mean": {
            "value": 6.26928020210471e-05,
            "min": 0.0,
            "max": 6.26928020210471e-05,
            "count": 4
        },
        "Worm.Policy.ExtrinsicReward.sum": {
            "value": 0.0003134640101052355,
            "min": 0.0,
            "max": 0.0003134640101052355,
            "count": 4
        },
        "Worm.IsTraining.mean": {
            "value": 1.0,
            "min": 1.0,
            "max": 1.0,
            "count": 4
        },
        "Worm.IsTraining.sum": {
            "value": 1.0,
            "min": 1.0,
            "max": 1.0,
            "count": 4
        },
        "Worm.Losses.PolicyLoss.mean": {
            "value": -107.91660066094728,
            "min": -107.91660066094728,
            "max": -107.91660066094728,
            "count": 1
        },
        "Worm.Losses.PolicyLoss.sum": {
            "value": -53958.30033047364,
            "min": -53958.30033047364,
            "max": -53958.30033047364,
            "count": 1
        },
        "Worm.Losses.ValueLoss.mean": {
            "value": 43.83263160646281,
            "min": 43.83263160646281,
            "max": 43.83263160646281,
            "count": 1
        },
        "Worm.Losses.ValueLoss.sum": {
            "value": 21916.315803231406,
            "min": 21916.315803231406,
            "max": 21916.315803231406,
            "count": 1
        },
        "Worm.Losses.Q1Loss.mean": {
            "value": 0.013500922862531413,
            "min": 0.013500922862531413,
            "max": 0.013500922862531413,
            "count": 1
        },
        "Worm.Losses.Q1Loss.sum": {
            "value": 6.750461431265706,
            "min": 6.750461431265706,
            "max": 6.750461431265706,
            "count": 1
        },
        "Worm.Losses.Q2Loss.mean": {
            "value": 1.739152849590811,
            "min": 1.739152849590811,
            "max": 1.739152849590811,
            "count": 1
        },
        "Worm.Losses.Q2Loss.sum": {
            "value": 869.5764247954055,
            "min": 869.5764247954055,
            "max": 869.5764247954055,
            "count": 1
        },
        "Worm.Policy.ContinuousEntropyCoeff.mean": {
            "value": 0.9238605162350982,
            "min": 0.9238605162350982,
            "max": 0.9238605162350982,
            "count": 1
        },
        "Worm.Policy.ContinuousEntropyCoeff.sum": {
            "value": 461.9302581175491,
            "min": 461.9302581175491,
            "max": 461.9302581175491,
            "count": 1
        },
        "Worm.Policy.LearningRate.mean": {
            "value": 0.0003,
            "min": 0.0003,
            "max": 0.0003,
            "count": 1
        },
        "Worm.Policy.LearningRate.sum": {
            "value": 0.15,
            "min": 0.15,
            "max": 0.15,
            "count": 1
        }
    },
    "metadata": {
        "timer_format_version": "0.1.0",
        "start_time_seconds": "1691931089",
        "python_version": "3.9.17 (main, Jul  5 2023, 20:47:11) [MSC v.1916 64 bit (AMD64)]",
        "command_line_arguments": "C:\\Users\\Chloe\\anaconda3\\envs\\EmbodiedIntelligence1\\Scripts\\mlagents-learn ml-agents-develop/config/sac/Worm.yaml --run-id=EEL_12_SAC --torch-device=cuda --env=ml-agents-develop/Project/Builds/EEL_12/UnityEnvironment.exe --num-envs=3 --resume",
        "mlagents_version": "0.30.0",
        "mlagents_envs_version": "0.30.0",
        "communication_protocol_version": "1.5.0",
        "pytorch_version": "1.7.1+cu110",
        "numpy_version": "1.21.2",
        "end_time_seconds": "1691931146"
    },
    "total": 56.2026718,
    "count": 1,
    "self": 0.09672489999999812,
    "children": {
        "run_training.setup": {
            "total": 0.2277391000000002,
            "count": 1,
            "self": 0.2277391000000002
        },
        "TrainerController.start_learning": {
            "total": 55.8782078,
            "count": 1,
            "self": 0.07570160000008741,
            "children": {
                "TrainerController._reset_env": {
                    "total": 7.4095933,
                    "count": 1,
                    "self": 7.4095933
                },
                "TrainerController.advance": {
                    "total": 48.132032399999915,
                    "count": 2939,
                    "self": 0.0722110999997767,
                    "children": {
                        "env_step": {
                            "total": 12.687689300000065,
                            "count": 2939,
                            "self": 3.5502865999999536,
                            "children": {
                                "SubprocessEnvManager._take_step": {
                                    "total": 9.094626000000062,
                                    "count": 2972,
                                    "self": 0.23857680000007697,
                                    "children": {
                                        "TorchPolicy.evaluate": {
                                            "total": 8.856049199999985,
                                            "count": 2972,
                                            "self": 8.856049199999985
                                        }
                                    }
                                },
                                "workers": {
                                    "total": 0.04277670000004896,
                                    "count": 2939,
                                    "self": 0.0,
                                    "children": {
                                        "worker_root": {
                                            "total": 102.53877390000002,
                                            "count": 2970,
                                            "is_parallel": true,
                                            "self": 80.56683740000015,
                                            "children": {
                                                "steps_from_proto": {
                                                    "total": 0.0011707999999996943,